{
  "project_info": {
    "project_number": "683168218546",
    "project_id": "mzuzuartsstudio",
    "storage_bucket": "mzuzuartsstudio.firebasestorage.app"
  },
  "client": [
    {
      "client_info": {
        "mobilesdk_app_id": "1:683168218546:android:347ac0f9b0325979d378ab",
        "android_client_info": {
          "package_name": "com.arcade.racing"
        }
      },
      "oauth_client": [],
      "api_key": [
        {
          "current_key": "AIzaSyB_tBx2-Pz7uayF9CSODsU9aGdLq6CM17w"
        }
      ],
      "services": {
        "appinvite_service": {
          "other_platform_oauth_client": []
        }
      }
    }
  ],
  "configuration_version": "1"
}